"('id', 'cmpl-9CluFdEcUtxU9pqsq4j1fRuDS1WeG')","('choices', [CompletionChoice(finish_reason='stop', index=0, logprobs=None, text=""\nZina travaillait comme designer dans une petite entreprise de vêtements à Aubervilliers. Elle aimait son travail, mais elle avait un collègue qui la rendait folle. Raouf était tyrannique et ne manquait pas une occasion de critiquer le travail de Zina.\n\nUn jour, leur petit chef Clément était absent pour une semaine et Raouf en avait profité pour prendre les commandes de l'équipe. Zina n'avait pas supporté son attitude autoritaire et avait décidé de prendre les choses en main. Avec l'aide de ses collègues, elle avait organisé un plan pour faire honte à Raouf et le faire tomber de son piédestal.\n\nPendant ce temps, leur collègue Ibrahim, passionné par l'IA, avait remarqué des comportements étranges dans le système informatique de l'entreprise. Il avait commencé à faire des recherches pour en savoir plus et avait découvert qu'il y avait un traitre parmi eux. Cependant, il n'arrivait pas à déterminer qui était-ce pour le moment.\n\nLe jour J arriva, Raouf avait convoqué une réunion avec toute l'équipe pour leur annoncer qu'il avait été choisi pour représenter l'entreprise lors d'un grand événement de mode. Mais au lieu de cela, Zina avait préparé une surprise pour lui. Elle avait créé une présentation avec des photos hilares de Raouf et l'avait projetée devant tout le monde. Humilié, Raouf s'était enfui en furie.\n\nC'est à ce moment-là qu'Ibrahim avait compris que Raouf était le traitre. Il avait profité de l'absence de Clément pour modifier des données dans le système afin de se faire remarquer par la direction et obtenir la place de Clément en tant que petit chef. Mais son plan avait été contrecarré par Zina et ses collègues.\n\nLe lendemain, Ibrahim divulgua la vérité à l'équipe et tous furent soulagés de savoir que l'entreprise n'était pas en danger. Raouf, quant à lui, avait été mis à pied pour trahison et Zina fut remerciée pour avoir géré la situation de manière efficace.\n\nDepuis ce jour, Zina et Clément devinrent de bons amis et travaillèrent ensemble pour préparer le grand événement de mode. Ibrahim, quant à lui, continua ses recherches pour améliorer le système informatique de l'entreprise. Et Eric, le traumatisé du dessert, avait finalement réussi à créer un gâteau parfait pour célébrer la victoire de Zina et de l'équipe. "")])","('created', 1712831115)","('model', 'gpt-3.5-turbo-instruct')","('object', 'text_completion')","('system_fingerprint', None)","('usage', CompletionUsage(completion_tokens=601, prompt_tokens=880, total_tokens=1481))"
"('id', 'cmpl-9ClwXU9pcJJ9v0kzOmqZCPFj2cw5G')","('choices', [CompletionChoice(finish_reason='stop', index=0, logprobs=None, text=""\nZina avait toujours été une employée modèle à Aubervilliers. Elle était consciencieuse, toujours ponctuelle et avide de parfaire ses compétences en nettoyage écologique. Tout le monde l'appréciait pour sa gentillesse et son perfectionnisme. Mais il y avait un seul collègue avec qui elle avait du mal à s'entendre : Raouf.\n\nRaouf était un petit chef tyrannique, qui profitait de l'absence de Clément pour se faire valoir auprès des autres employés. Mais Zina et lui se disputaient souvent et leur relation était tendue, au grand désarroi des autres membres de l'équipe.\n\nUn jour, Clément revint de son congé et reprit son poste de petit chef. Tout semblait être revenu à la normale, jusqu'à ce qu'un incident éclate dans l'entrepôt : des produits nettoyants à base de vinaigre avaient été remplacés par du liquide vaisselle.\n\nZina, qui était la seule à avoir accès aux produits, fut soupçonnée de sabotage. Raouf, qui avait été proche d'elle pendant l'absence de Clément, remit en cause son intégrité et poussa les autres à la licencier.\n\nZina était sous le choc, elle qui avait toujours été loyale envers l'entreprise. Mais elle savait qu'il n'y avait aucune preuve contre elle. Déterminée à trouver le véritable coupable, elle se mit en quête de preuves. Elle découvrit finalement que c'était Raouf qui avait saboté les produits, dans le but de prendre sa place de petit chef à nouveau.\n\nElle confronta Raouf devant toute l'équipe et les preuves qu'elle avait rassemblées furent accablantes. Les autres membres, choqués par la trahison de leur ancien collègue, se retournèrent contre lui. Raouf fut licencié sur-le-champ et Zina fut réintégrée dans l'équipe, acclamée par ses collègues.\n\nClément avait découvert la vérité grâce à Zina et il lui offrit une promotion pour la féliciter. Quant à Raouf, il n'aurait plus jamais la chance de reprendre son poste de petit chef et il fut expulsé de l'entreprise pour son acte malveillant.\n\nDésormais, l'équipe d'Aubervilliers était plus soudée que jamais, grâce à Zina et sa détermination à prouver son innocence. Et même si elle continuait à parler bizarrement, elle avait gagné le respect et l'admiration de ses collègues."")])","('created', 1712831257)","('model', 'gpt-3.5-turbo-instruct')","('object', 'text_completion')","('system_fingerprint', None)","('usage', CompletionUsage(completion_tokens=612, prompt_tokens=880, total_tokens=1492))"
"
Zina travaillait dans une entreprise à Aubervilliers en tant que chef de projet. Elle était une femme très méticuleuse et toujours à la recherche de nouvelles méthodes pour améliorer son travail. Elle avait une particularité, elle était intolérante au gluten et suivait un régime strict sans gluten.

Un jour, son collègue Clément, qui était le petit chef de l'équipe, était absent pour des raisons personnelles. Pendant son absence, Zina a pris sa place et a géré l'équipe avec brio. Elle a même apporté de nouvelles idées qui ont grandement amélioré le travail de l'équipe. Clément est finalement revenu, mais il s'est rendu compte que Zina avait pris sa place et n'a pas apprécié cette situation.

De son côté, Raouf, qui était le petit chef pendant l'absence de Clément, était très tyrannique et avait l'habitude de donner des ordres sans écouter les idées des autres. Il était également déterminé à reprendre son statut de petit chef et à se faire respecter de nouveau.

Pendant ce temps, Patrick, un autre membre de l'équipe, était un grand sportif et aimait manger des frites. Il était souvent en compétition avec Maurice, le nouveau venu, qui était très prometteur dans le domaine du sport. Mais un jour, Maurice a disparu et personne ne savait où il était passé.

Tandis qu'Ibrahim et Eric, passionnés par l'intelligence artificielle, travaillaient ensemble sur un nouveau projet, Eric était aussi traumatisé par son dernier dessert qui n'a pas survécu aux transports. Mais il était déterminé à se rattraper en faisant un autre dessert pour ses collègues.

Un soir, lors d'une réunion, des combats éclatèrent entre Clément et Raouf pour le titre de petit chef, et Patrick et Maurice pour une compétition de sport. Zina, quant à elle, était en train d'expliquer ses nouvelles idées pour améliorer encore plus le travail de l'équipe. Mais le chaos régnait dans la salle de réunion.

Finalement, Eric donna à tout le monde un dessert qu'il avait préparé avec soin, mais en fait, il avait ajouté du gluten à celui de Zina, sachant qu'elle n'était pas capable d'en manger. C'était lui le traître, persuadé que si Zina tombait malade, il reprendrait sa place de chef de projet. Heureusement, Zina s'en est rendue compte et a dénoncé Eric devant tout le monde. Il fut immédiatement renvoyé.

Finalement, les choses se sont calmées et Zina est restée la chef de projet, ayant prouvée son efficacité et son intégrité. Clément et Raouf ont mis de côté leur rivalité et sont devenus amis. Patrick et Maurice ont également retrouvé leur compétition amicale. Et Ibrahim et Eric ont continué à travailler ensemble, mais cette fois-ci, avec confiance et honnêteté. Tout le monde était heureux et l'équipe était plus soudée que jamais."
"
L'histoire se déroule dans une petite entreprise d'Aubervilliers, spécialisée dans les nouvelles technologies. Zina est l'une des employées, une femme française très pointilleuse et passionnée par les produits naturels. Elle travaille dans l'équipe de Clément, le petit chef, marié à Sakura et adepte du port de chaussettes en toute circonstance.

Un jour, Clément doit s'absenter pour une raison personnelle et Zina prend sa place temporairement. Mais parmi les autres employés, seule Sakura sait qu'il a décidé de partir en voyage avec elle. Pendant que Zina est en charge, un nouvel employé, nommé Maurice, rejoint l'équipe. Il est passionné par le jeu Pokémon Go et devient rapidement le meilleur ami de Patrick, le sportif de l'équipe.

De son côté, Raouf, qui était le petit chef avant l'arrivée de Clément, n'apprécie pas du tout la nouvelle organisation et tente de reprendre sa place par tous les moyens. Il se montre impitoyable et tyrannique envers ses collègues, se montrant très insistant pour reprendre son statut de petit chef.

Pendant ce temps, Ibrahim, le seul passionné par l'IA de l'équipe, commence à remarquer des comportements étranges dans les actions de l'équipe. Il décide alors de mener sa propre enquête, en se faisant passer pour Eric, le fan de pâtisserie traumatisé par le dernier désert qui n'a pas survécu aux transports.

Grâce à son enquête minutieuse, Ibrahim découvre le véritable traître parmi eux : Raouf. Ce dernier était jaloux de Clément, car il avait pris sa place de petit chef. Il voulait se venger en détruisant l'équipe et en prenant le contrôle de l'entreprise.

Ibrahim, Eric et Zina décident alors de se confronter à Raouf, avec l'aide de Patrick et Maurice qui ne sont pas au courant de la traitrise de leur ami. Un combat intense éclate dans les locaux de l'entreprise, où tous les talents de chacun sont mis à contribution. Mais finalement, l'équipe parvient à vaincre Raouf et à rétablir la paix dans l'entreprise.

Grâce à son courage et à son sens de l'observation, Ibrahim a démasqué le traitre et l'a démasqué devant toute l'équipe. Raouf, contraint de révéler ses intentions, est renvoyé sur le champ.

Depuis, l'équipe d'Aubervilliers est plus soudée que jamais et Ibrahim est devenu un membre respecté et reconnu pour son talent et sa détermination. Quant à Raouf, il a trouvé un nouveau job mais n'a jamais réussi à se débarrasser de sa jalousie envers Clément. L'histoire se termine ainsi, sur une note de satisfaction et de solidarité entre les employés. "
"C'est l'histoire de l'équipe ""Les Intrépides"", composée de Zina, Clément, Raouf, Patrick, Maurice, Ibrahim et Eric. Tous travaillent ensemble à Aubervilliers dans une entreprise de recherche en intelligence artificielle.
Zina est une femme très pointilleuse, passionnée par le gluten-free et le thé vert. Elle porte toujours une casquette et une tasse verte à la main. Malgré son comportement un peu étrange, elle est très appréciée par ses collègues.
Clément est le petit chef de l'équipe, mais il est souvent en retard et se balade même en chaussettes au bureau. Il est marié à Sakura, une femme japonaise. Pendant son absence, c'est Raouf, un collègue très tyrannique, qui a pris sa place.
Justement, Raouf, était lui-même petit chef avant que Clément n'arrive. Il est déterminé à reprendre son titre et n'hésite pas à être cruel envers ses collègues pour y arriver.
Patrick est un grand sportif qui aime manger des frites et boire son Caprisun. Il travaille souvent avec Maurice, leur dernier venu, qui est un passionné de Pokémon Go.
Enfin, Ibrahim est un membre très précieux de l'équipe, car il est très doué en recherche et esthétique dans la programmation. Eric, quant à lui, est un collègue très apprécié pour ses talents en cuisine et pâtisserie, même s'il a récemment été traumatisé par son dernier dessert qui n'a pas supporté le transport.
Un jour, l'équipe reçoit une mission très importante : mettre un terme à une attaque informatique visant à voler les données de l'entreprise. Après plusieurs jours de recherche, ils trouvent enfin le coupable : Eric. En effet, celui-ci a été corrompu par une entreprise concurrente qui lui a promis beaucoup d'argent en échange des données.
Eric se défend en disant qu'il voulait juste aider sa famille et qu'il ne pensait pas que ses actions auraient des conséquences aussi graves. Mais ses collègues ne peuvent pas lui pardonner sa traitrise et ils doivent maintenant le combattre pour sauver l'entreprise et leur mission.
Grâce à leur intelligence, leur détermination et leur esprit d'équipe, Les Intrépides réussissent à arrêter Eric et à empêcher le vol de données. Raouf, pris de remords, s'excuse pour son attitude durant son passage en tant que petit chef et promet de changer.
Finalement, l'équipe comprend qu'il est important de rester soudés et de se faire confiance pour surmonter les épreuves, même quand le danger vient de l'intérieur. Et Zina, avec sa tasse verte toujours à la main, propose d'organiser une petite fête pour célébrer leur victoire et renforcer leur amitié."
"
Zina est une jeune femme française, fan de thé vert et de casquettes. Elle travaille dans une entreprise à Aubervilliers en tant que spécialiste en produits gluten-free. Zina est connue pour être très pointilleuse et obsédée par la propreté, elle utilise d'ailleurs un nettoyant à base de vinaigre pour tout désinfecter.
Clément est le mari de Sakura et le petit chef de l'équipe dans la même entreprise que Zina. Il a un petit côté original : il se balade souvent en chaussettes, même au travail. Mais un jour, alors qu'il était en voyage d'affaires, son absence a été mise à profit par le troisième protagoniste de l'histoire, Raouf. En son absence, ce dernier en a profité pour prendre le rôle de chef et en a profité pour être tyrannique avec les autres membres de l'équipe, surtout avec Zina qui était très mécontente de cette situation.
Patrick, un autre membre de l'équipe, est un grand sportif qui aime manger des frites et boire son Caprisun. Il confond souvent Javascript avec Java, ce qui fait rire ses collègues. Il travaille souvent avec le nouveau venu, Maurice, un passionné de jeux vidéo et plus particulièrement de Pokémon Go. Malheureusement, Maurice a disparu depuis deux jours sans laisser de trace, ce qui inquiète tout le monde au travail.
Ibrahim est un autre membre de l'équipe, passionné par l'Intelligence Artificielle. Il est très curieux et aime effectuer des recherches minutieuses. Quant à Eric, il est également passionné d'IA mais il préfère de loin cuisiner et faire de la pâtisserie. Malheureusement, son dernier dessert n'a pas survécu aux transports et cela l'a traumatisé.
Dans cette équipe, il y a un traître et personne ne s'en doute. Mais lors d'un projet important pour l'entreprise, des problèmes surgissent et des combats éclatent entre les membres de l'équipe. C'est alors que le traître dévoile son identité : c'est Raouf. Il avait voulu reprendre son statut de petit chef et avait saboté le projet pour mettre tous les membres de l'équipe en difficulté. Il avoue alors qu'il était jaloux de Clément et de son rôle de chef et voulait prendre sa place. Les autres membres de l'équipe, sous le choc, l'ont immédiatement confronté et ont réussi à sauver le projet à temps.
Depuis cet événement, l'équipe a appris à mieux se connaitre et à travailler en harmonie. Clément est revenu de son voyage d'affaires et a repris son rôle de chef sans aucun problème. Quant au traître Raouf, il a été renvoyé de l'entreprise pour ses actes de sabotage. L'entreprise a même organisé une soirée pour célébrer la fin de ce projet réussi et pour continuer à renforcer la cohésion de l'équipe. Finalement, ils ont compris que l'union fait la force et qu'il faut toujours rester méfiant face à un potentiel traître parmi eux."
"
Zina et Clément faisaient partie de l'équipe de Raouf, le petit chef tyrannique. Mais un jour, alors que tous les collègues étaient occupés à travailler, ils ont remarqué un comportement étrange chez Maurice, le nouveau joueur de Pokémon Go. Il se baladait à l'écart, avec un sac plein et un regard furtif.

Intrigués, Zina et Clément ont décidé de le suivre discrètement. Ils ont ainsi découvert que Maurice avait trahi l'équipe en communiquant des informations stratégiques à une entreprise concurrente. Zina et Clément ont immédiatement prévenu leurs collègues, mais il était trop tard.

Le traitre avait déjà réussi à provoquer des combats entre les différents protagonistes de l'équipe, semant ainsi la confusion et le chaos au sein de l'entreprise. Zina et Clément, aidés par Raouf, Ibrahim et Eric ont dû faire face à de nombreux combats et défis pour rétablir l'ordre et découvrir qui était le véritable coupable.

C'est finalement grâce à la perspicacité d'Ibrahim, qui a mené une enquête minutieuse, qu'ils ont réussi à confondre le traitre. Il s'agissait d'Eric, qui avait été influencé par des promesses de richesse de la part de l'entreprise concurrente. Il avait disgracieusement abandonné son équipe pour atteindre ses propres objectifs.

Démasqué, Eric a avoué sa traîtrise et compris l'erreur qu'il avait commise. Il s'est excusé auprès de ses collègues et a quitté l'entreprise, laissant derrière lui une équipe plus solidaire que jamais.

Zina, Clément, Raouf, Maurice et Ibrahim ont ainsi continué à travailler ensemble, plus forts que jamais et conscients de l'importance de leur équipe soudée. Quant à Eric, il a appris la leçon : on ne trahit jamais ses collègues et on reste toujours loyaux envers son équipe."
"
Zina était au travail à Aubervilliers, en train de nettoyer méticuleusement les bureaux. Elle était réputée pour être très pointilleuse dans son travail et aimait utiliser un nettoyant à base de vinaigre pour une propreté impeccable. Assise à son bureau, elle se rappela que Clément allait bientôt quitter l'équipe car il partait à la retraite. Raouf allait prendre sa place pendant son absence, mais Zina n'était pas sûre de son comportement tyrannique lorsqu'il avait été chef par intérim.

Pendant ce temps, Clément était en train de préparer sa retraite en douceur avec sa femme Sakura. Il se baladait souvent en chaussettes dans les couloirs du bureau et était apprécié de tous pour sa gentillesse et son calme. Mais il était inquiet de voir Raouf reprendre sa place après son départ.

Raouf, lui, était obnubilé par son désir de reprendre son statut de petit chef. Il avait une forte rivalité avec Clément et était déterminé à prouver qu'il était le meilleur. Mais en secret, Raouf était animé par un sentiment de jalousie en voyant Clément quitter l'équipe avec autant de reconnaissance et de gentillesse, tandis que lui était souvent critiqué pour son attitude de tyran.

Dans l'autre partie de l'équipe, Patrick travaillait en étroite collaboration avec Maurice, le nouveau venu passionné de Pokémon Go. Patrick était un grand sportif qui aimait manger des frites et boire son Caprisun, et il était souvent confondu Javascript avec Java. Maurice, quant à lui, était très prometteur mais avait disparu depuis deux jours sans laisser de traces. La seule chose que l'on savait, c'est qu'il travaillait souvent avec Patrick et qu'il avait tendance à s'endormir debout et à ronfler énormément.

Enfin, Ibrahim était un passionné d'IA et de véhicules, malheureusement, il n'avait plus de voiture en ce moment et cela le rendait triste. Mais cela ne l'empêchait pas d'être très curieux et de toujours chercher à en apprendre plus. Ibrahim était également très méticuleux dans son travail, aimant que tout soit parfait jusqu'à l'esthétique.

Ce matin-là, une grande tension se faisait sentir dans l'équipe. Les employés se lançaient des regards méfiants et il y avait des murmures de trahison. Mais personne ne savait réellement qui pouvait être le traitre parmi eux.

Soudain, une explosion retentit dans le bâtiment. Une lutte éclata entre plusieurs membres de l'équipe, dans un chaos total. Mais au milieu de toute cette confusion, un des membres se tenait à l'écart, observant la scène avec un regard satisfait : c'était Raouf, le traitre.

Son objectif était simple : semer la zizanie dans l'équipe et prendre la place de Clément en se débarrassant des autres membres les uns après les autres. Et pour cela, il avait organisé cette fausse attaque pour susciter la confusion et les combats. Mais il n'avait pas compté sur l'instinct de survie de ses collègues et un combat féroce s'engagea entre Raouf et les autres membres.

Finalement, après un long et éprouvant combat, Raouf fut neutralisé et les autres membres de l'équipe découvrirent la vérité sur sa traitrise. Clément décida alors de rester encore un peu auprès de son équipe pour les aider à se remettre de cet événement et leur apprendre à travailler ensemble dans la confiance et la solidarité.

Ainsi, l'équipe d'Aubervilliers fut sauvée du traître et continua de travailler dans la bonne ambiance, écrivant ensemble de nouvelles aventures passionnantes."
"
Il était tard et l'équipe travaillait dur pour terminer leur projet à temps. Zina, Clément, Raouf, Patrick, Maurice, Ibrahim et Eric étaient tous réunis dans la salle de réunion, chaque membre apportant sa contribution pour mener à bien leur mission. Depuis leur arrivée, ils s'étaient liés d'amitié et travaillaient main dans la main pour atteindre leur but commun.

Mais ce soir-là, quelque chose allait changer leur destin. Alors qu'ils étaient tous concentrés sur leur travail, des coups de feu éclatèrent soudainement dans la salle. Les membres de l'équipe se séparèrent pour se mettre à couvert, et c'est là que la trahison de Raouf fut dévoilée. Il avait comploté avec des personnes extérieures pour saboter leur projet et s'emparer de ses résultats à des fins personnelles.

C'est alors que des combats éclatèrent entre Raouf et les autres membres de l'équipe. Ils se battirent avec acharnement, déterminés à protéger leur travail et à mettre un terme aux plans malfaisants de Raouf.

Zina, qui était très pointilleuse et organisée, utilisa ses connaissances en matière de nettoyage à base de vinaigre pour créer une distraction et permettre à ses collègues de se rapprocher de Raouf. Clément, qui était le petit chef de l'équipe, montra ses compétences en leadership en coordonnant les actions de chacun. Patrick, très sportif, utilisa ses talents athlétiques pour désarmer Raouf. Maurice, nouveau venu dans l'équipe, montra sa valeur en aidant à immobiliser Raouf pendant qu'Ibrahim, passionné par l'IA, piratait ses communications afin de découvrir la raison de sa trahison.

Finalement, après un long combat, Raouf fut maîtrisé et ses liens avec ses complices furent découverts. Il avait été contacté par une entreprise concurrente qui cherchait à voler leur projet et à l'utiliser pour leur propre bénéfice. Raouf, attiré par l'appât du gain, avait accepté de les aider pour accéder aux informations confidentielles de l'équipe.

Grâce à la détermination et à l'entraide de tous les membres de l'équipe, leur projet fut sauvé et ils purent le mener à bien avec succès. Raouf fut arrêté pour trahison et le reste de l'équipe célébra leur victoire ensemble, en se promettant de toujours travailler en équipe et de rester vigilants afin de ne jamais tomber dans le piège de la trahison."
"
Cela faisait maintenant plusieurs mois que l'équipe de Zina travaillait ensemble à Aubervilliers. Zina était très pointilleuse et aimait faire le ménage avec un nettoyant à base de vinaigre. Elle était toujours très organisée et faisait attention à son alimentation en mangeant seulement du Gluten free.

Son collègue, Clément, était marié à Sakura et était le petit chef de l'équipe. Il était connu pour se balader souvent en chaussettes dans les locaux de l'entreprise. Cependant, un jour, Clément est parti en congé pendant un moment et Raouf a pris sa place en tant que chef. Il était très tyrannique et aimait beaucoup le pouvoir.

Clément revient alors travailler quelques semaines plus tard. Mais tout à changé, Raouf avait pris sa place et Clément allait bientôt quitter l'entreprise. Et pour couronner le tout, Raouf était déterminé à reprendre son statut de petit chef et avait la plus grande connaissance dans le domaine.

Mais les choses ne vont pas en s'arrangeant car Patrick, un collègue très sportif qui aime manger des frites et boire son Caprisun, travaille souvent avec Maurice, le dernier venu de l'équipe. Maurice est un nouveau joueur de Pokémon Go et était très prometteur. Cependant, il a disparu depuis deux jours et personne ne sait où il se trouve.

Patrick et Maurice étaient tous deux absents lorsqu'un traitre dans l'équipe est apparu. Il s'agissait d'Ibrahim, un collègue passionné par l'IA et les véhicules. Ibrahim n'avait plus de voiture en ce moment, ce qui le rendait triste malgré le fait qu'il avait toujours son scooter. Mais sa curiosité l'a poussé à se renseigner sur l'avancement des projets de l'équipe. C'est ainsi qu'il a découvert que Clément allait quitter l'entreprise et que Raouf allait récupérer son statut de petit chef. Ne supportant pas l'idée de voir Raouf reprendre le pouvoir, Ibrahim a décidé de trahir son équipe en sabotant leur projet en cours.

Cependant, sa traitrise a été découverte par Eric, un collègue passionné par l'IA et la cuisine. En effet, Eric avait remarqué qu'Ibrahim avait toujours des problèmes à différencier Javascript avec Java lors de leurs discussions techniques. Et lorsqu'il a réalisé que le dernier dessert d'Ibrahim n'avait pas survécu aux transports, Eric a eu des doutes sur la possible sabotage d'Ibrahim.

Eric a alors décidé de confronter Ibrahim qui a fini par avouer sa traitrise. Clément a alors pu reprendre sa place de petit chef et les projets de l'équipe ont pu reprendre leur cours. Mais Ibrahim a été renvoyé de l'entreprise pour trahison et ses collègues ont décidé de se méfier davantage à l'avenir. Les combats et les enjeux au sein de l'équipe ont finalement pris une tournure inattendue, mais l'équipe de Zina a su surmonter cette épreuve et en est ressortie plus soudée que jamais. "
"
Zina, Clément, Raouf, Patrick, Maurice, Ibrahim et Eric travaillent tous ensemble dans une entreprise de nouvelles technologies. Malgré leurs différences, ils forment une équipe soudée et efficace. Mais un jour, leur harmonie est brisée par un événement inattendu.

Tout a commencé avec le départ imminent de Clément, le petit chef de l'équipe. Son remplaçant, Raouf, était initialement très heureux de prendre le poste, mais très vite, son comportement a changé. Il devenait de plus en plus tyrannique envers ses collègues, surtout envers Zina, qu'il prenait un malin plaisir à critiquer et à rabaisser. Clément, quant à lui, était de plus en plus distant et semblait perturbé.

Pendant ce temps, Patrick, Maurice, Ibrahim et Eric étaient chargés d'un projet secret: développer une nouvelle intelligence artificielle pour les véhicules. Ils étaient très excités à l'idée de travailler sur un tel projet, mais leur enthousiasme a vite été freiné lorsque leur prototype a été saboté par un traître dans l'équipe.

Eric, le passionné de cuisine, a découvert que son dernier dessert n'était pas arrivé à destination. Il a alors compris qu'il y avait quelqu'un dans l'équipe qui cherchait à les saboter en révélant leurs projets secrets à la concurrence. Mais qui était-ce?

Malgré leurs soupçons, les collègues ont continué à travailler ensemble, jusqu'au jour où Maurice a mystérieusement disparu. Personne ne savait où il était passé, jusqu'à ce qu'ils reçoivent une lettre anonyme révélant qu'il était retenu en otage. Sans autre choix, l'équipe s'est rendue à l'adresse indiquée par le ravisseur, où ils ont été accueillis par un Raouf enragé.

Il a alors révélé la vérité: il était le traître depuis le début. Il en avait assez du comportement de Clément et était frustré de ne pas avoir obtenu le poste de petit chef à sa place. Il a donc pris Maurice en otage pour faire pression sur les autres et obtenir ce qu'il voulait.

S'en est suivi un combat épique entre Raouf et ses anciens coéquipiers. Malgré son habileté à se balader en chaussettes, Raouf a été rapidement maîtrisé par Patrick, Ibrahim et Eric, tandis que Zina libérait Maurice.

Au final, Raouf a été arrêté et emmené par la police pour ses crimes. Clément a finalement avoué à son équipe qu'il partait pour s'occuper de sa femme, atteinte d'une maladie grave. Il leur a demandé de continuer à travailler ensemble et de rester soudés.

Avec cette révélation, l'équipe a su mettre leurs différences de côté et est restée plus unie que jamais. Et leur projet d'intelligence artificielle pour les véhicules a finalement été un succès, sans la moindre trahison de la part de l'un d'entre eux. "
